Cod_SBS,Cod_Emp,Tip_Credit,Nivel2,Moneda,SubCodigoCuenta,Condicion,Val_Saldo,Clasif_Deu,Cod_Cuenta
0038518267,00145,11,14,1,50302020000,014900,0000,0,14150302020000
0038518267,00140,11,81,1,30200000000,042700,0000,0,81130200000000
0038518267,00145,11,14,1,90301000000,000000,0000,0,14190301000000
0038518267,00145,11,81,1,92300000000,000000,0000,0,81192300000000
0029280002,00480,12,81,1,30200000000,623300,0000,0,81130200000000
0016584398,00480,12,81,1,30200000000,687900,0000,0,81130200000000
0016584398,00480,12,81,2,30200000000,799100,0000,0,81230200000000
0050957942,00001,10,81,1,30200000000,469700,0000,0,81130200000000
0015096683,00228,10,81,1,30200000000,520300,0000,0,81130200000000
0015096683,00228,10,81,1,30200000000,519600,0000,0,81130200000000
0015096683,00228,10,81,1,30200000000,518600,0000,0,81130200000000
0060727236,00228,10,81,1,30200000000,513800,0000,0,81130200000000
0010231183,00002,11,72,1,50603000000,000000,0000,0,72150603000000
0010231183,00002,11,81,1,92300000000,000000,0000,0,81192300000000
0031769230,00061,12,14,1,90306000000,000000,0000,0,14190306000000
0031769230,00061,12,14,1,80300000000,000000,0000,0,14180300000000
0031769230,00072,11,72,1,50603000000,000000,0000,0,72150603000000
0031769230,00061,12,81,1,93703010000,000000,0000,0,81193703010000
0031769230,00072,11,81,1,92300000000,000000,0000,0,81192300000000
0031769230,00061,12,14,1,10306030000,000000,0000,0,14110306030000
0021101117,00104,11,72,1,50303010000,000000,0000,0,72150303010000
0021101117,00061,12,14,1,80300000000,000000,0000,0,14180300000000
0021101117,00061,12,14,1,10306030000,000000,0000,0,14110306030000
0021101117,00104,99,84,1,40900000000,000000,0000,0,84140900000000
0021101117,00104,12,14,1,90306000000,000000,0000,0,14190306000000
0021101117,00104,12,14,1,80300000000,000000,0000,0,14180300000000
0021101117,00104,12,14,1,10313000000,000000,0000,0,14110313000000
0021101117,00104,11,14,1,80300000000,000000,0000,0,14180300000000
0021101117,00061,12,14,1,90306000000,000000,0000,0,14190306000000
0021101117,00061,12,81,1,93703010000,000000,0000,0,81193703010000
0021101117,00104,11,29,1,10101000000,000000,0000,0,29110101000000
0021101117,00104,11,14,1,10306010000,000000,0000,0,14110306010000
0021101117,00104,11,14,1,90306000000,000000,0000,0,14190306000000
0021101117,00104,11,81,1,93703010000,000000,0000,0,81193703010000
0054255306,00072,11,72,1,50603000000,000000,0000,0,72150603000000
0054255306,00072,11,14,1,90306000000,000000,0000,0,14190306000000
0054255306,00001,11,14,1,80300000000,000000,0000,0,14180300000000
0054255306,00104,12,14,1,90306000000,000000,0000,0,14190306000000
0054255306,00072,11,14,1,80300000000,000000,0000,0,14180300000000
0054255306,00104,12,81,1,93703010000,000000,0000,0,81193703010000
0054255306,00001,11,81,1,92300000000,000000,0000,0,81192300000000
0054255306,00072,11,81,1,92300000000,000000,0000,0,81192300000000
0054255306,00072,11,15,1,50102000000,000000,0000,0,15150102000000
0054255306,00129,11,81,1,92300000000,000000,0000,0,81192300000000
0054255306,00072,11,14,1,10302090000,000000,0000,0,14110302090000
0054255306,00104,12,14,1,10306030000,000000,0000,0,14110306030000
0054255306,00072,11,14,1,10302010000,000000,0000,0,14110302010000
0054255306,00129,11,72,1,50603000000,000000,0000,0,72150603000000
0054255306,00104,12,14,1,80300000000,000000,0000,0,14180300000000
0054255306,00001,11,72,1,50603000000,000000,0000,0,72150603000000
0054255306,00072,11,81,1,93703010000,000000,0000,0,81193703010000
0029331855,00391,12,81,1,30200000000,261600,0000,0,81130200000000
0019088693,00228,10,81,1,30200000000,585400,0000,0,81130200000000
0034134472,00001,13,14,1,80400000000,000000,0000,0,14180400000000
0034134472,00142,11,15,1,50102000000,000000,0000,0,15150102000000
0034134472,00001,13,84,1,40510000000,000000,0000,0,84140510000000
0034134472,00142,11,14,1,10302020000,000000,0000,0,14110302020000
0034134472,00001,13,84,1,40300000000,000000,0000,0,84140300000000
0034134472,00001,10,84,1,40201020000,001500,0000,0,84140201020000
0034134472,00142,11,72,1,50603000000,000000,0000,0,72150603000000
0034134472,00001,13,14,1,10423000000,000000,0000,0,14110423000000
0034134472,00142,11,81,1,92300000000,000000,0000,0,81192300000000
0012857349,00104,10,81,1,92500000000,000000,0000,0,81192500000000
0040885820,00002,11,81,1,30200000000,077800,0000,0,81130200000000
0040885820,00142,11,81,1,30200000000,137000,0000,0,81130200000000
0103266807,00101,09,84,1,40511000000,000000,0000,0,84140511000000
0103266807,00107,09,84,1,40900000000,000000,0000,0,84140900000000
0103266807,00101,09,81,1,80113010000,000000,0000,0,81180113010000
0103266807,00101,09,14,1,11306020000,000000,0000,0,14111306020000
0103266807,00101,09,81,1,80113020000,000000,0000,0,81180113020000
0103266807,00107,09,84,1,41000000000,000000,0000,0,84141000000000
0103266807,00101,09,14,1,81300000000,000000,0000,0,14181300000000
0103266807,00107,09,14,1,81300000000,000000,0000,0,14181300000000
0103266807,00107,09,14,1,11306020000,000000,0000,0,14111306020000
0138699242,00123,09,84,1,40511000000,000000,0000,0,84140511000000
0138699242,00123,09,81,1,80113020000,000000,0000,0,81180113020000
0138699242,00103,09,14,1,11306020000,000000,0000,0,14111306020000
0138699242,00123,09,84,1,41000000000,000000,0000,0,84141000000000
0138699242,00123,09,81,1,80113010000,000000,0000,0,81180113010000
0138699242,00123,09,72,1,50313000000,000000,0000,0,72150313000000
0138699242,00103,09,14,1,81300000000,000000,0000,0,14181300000000
0138699242,00123,09,84,1,40900000000,000000,0000,0,84140900000000
0138699242,00103,09,84,1,41000000000,000000,0000,0,84141000000000
0138699242,00123,09,14,1,11306020000,000000,0000,0,14111306020000
0138699242,00123,09,14,1,81300000000,000000,0000,0,14181300000000
0119530580,00004,09,81,1,30200000000,036900,0000,0,81130200000000
0119530580,00006,09,72,1,50613000000,000000,0000,0,72150613000000
0112495746,00001,10,14,1,10202090000,000000,0000,0,14110202090000
0112495746,00001,10,72,1,50602000000,000000,0000,0,72150602000000
0112495746,00001,10,81,1,93702010000,000000,0000,0,81193702010000
0112495746,00001,10,14,1,10206020000,000000,0000,0,14110206020000
0112495746,00001,10,29,1,10201000000,000000,0000,0,29110201000000
0112495746,00001,10,81,1,80102020000,000000,0000,0,81180102020000
0112495746,00001,10,14,1,80200000000,000000,0000,0,14180200000000
0112495746,00001,10,81,1,80102010000,000000,0000,0,81180102010000
0112495746,00001,10,14,1,10202010000,000000,0000,0,14110202010000
0112495746,00001,10,84,1,40511000000,000000,0000,0,84140511000000
0101647200,00001,10,14,1,10202010000,000000,0000,0,14110202010000
0101647200,00001,10,72,1,50602000000,000000,0000,0,72150602000000
0101647200,00004,99,84,2,40209000000,276000,0000,0,84240209000000
0101647200,00001,10,14,1,80200000000,000000,0000,0,14180200000000
0140371998,00001,10,81,1,30200000000,308600,0000,0,81130200000000
0100748207,00001,09,81,1,30200000000,256400,0000,0,81130200000000
0100748207,00278,10,81,1,92500000000,132800,0000,0,81192500000000
0114323357,00488,09,81,1,30200000000,228200,0000,0,81130200000000
0114323357,00001,09,81,1,30200000000,321900,0000,0,81130200000000
0095126405,00001,09,81,1,80113010000,000000,0000,0,81180113010000
0095126405,00001,09,84,1,40511000000,000000,0000,0,84140511000000
0095126405,00001,09,84,2,40201020000,051900,0000,0,84240201020000
0095126405,00001,09,14,1,11306090000,000000,0000,0,14111306090000
0095126405,00001,09,14,1,81300000000,000000,0000,0,14181300000000
0095126405,00001,09,81,1,80113020000,000000,0000,0,81180113020000
0126566280,00006,09,84,2,40201020000,000000,0000,0,84240201020000
0126566280,00006,09,14,1,11306020000,000000,0000,0,14111306020000
0126566280,00006,09,81,1,80113010000,000000,0000,0,81180113010000
0126566280,00006,09,81,1,80113020000,000000,0000,0,81180113020000
0126566280,00006,09,84,1,41000000000,000000,0000,0,84141000000000
0126566280,00006,09,14,1,81300000000,000000,0000,0,14181300000000
0126566280,00006,09,84,1,40511000000,000000,0000,0,84140511000000
0126566280,00006,09,72,1,50613000000,000000,0000,0,72150613000000
0164241521,00220,08,84,1,41000000000,000000,0000,0,84141000000000
0164241521,00220,08,71,1,20000000000,000000,0000,0,71120000000000
0118044487,00001,09,81,1,80113010000,000000,0000,0,81180113010000
0118044487,00001,09,29,1,10201000000,000000,0000,0,29110201000000
0118044487,00001,09,14,1,11306020000,000000,0000,0,14111306020000
0118044487,00001,09,81,1,80113020000,000000,0000,0,81180113020000
0118044487,00001,09,84,1,40511000000,000000,0000,0,84140511000000
0103278511,00001,10,81,1,30200000000,329600,0000,0,81130200000000
0136472470,00001,09,14,1,81300000000,000000,0000,0,14181300000000
0136472470,00001,09,14,1,11306090000,000000,0000,0,14111306090000
0136472470,00001,09,84,2,40201020000,032700,0000,0,84240201020000
0136472470,00001,09,81,1,80113010000,000000,0000,0,81180113010000
0136472470,00001,09,81,1,80113020000,000000,0000,0,81180113020000
0136472470,00001,09,84,1,40511000000,000000,0000,0,84140511000000
0136472470,00001,09,84,2,40900000000,000000,0000,0,84240900000000
0106924783,00006,08,14,1,11206020000,000000,0000,0,14111206020000
0106924783,00006,08,84,1,41000000000,000000,0000,0,84141000000000
0106924783,00001,08,81,1,80112020000,000000,0000,0,81180112020000
0106924783,00006,08,84,2,40201020000,000000,0000,0,84240201020000
0106924783,00006,08,81,1,80112010000,000000,0000,0,81180112010000
0106924783,00006,08,81,1,93712010000,000000,0000,0,81193712010000
0106924783,00006,08,84,1,40511000000,000000,0000,0,84140511000000
0106924783,00001,08,84,1,40511000000,000000,0000,0,84140511000000
0106924783,00001,08,14,1,11206020000,000000,0000,0,14111206020000
0106924783,00001,08,81,1,80112010000,000000,0000,0,81180112010000
0106924783,00006,08,72,1,50312000000,000000,0000,0,72150312000000
0106924783,00001,08,14,1,81200000000,112100,0000,0,14181200000000
0106924783,00006,08,81,1,80112020000,000000,0000,0,81180112020000
0106924783,00006,08,14,1,11206010000,000000,0000,0,14111206010000
0106924783,00006,08,14,1,81200000000,000000,0000,0,14181200000000
0106924783,00001,08,29,1,10201000000,000000,0000,0,29110201000000
0099096730,00001,09,81,1,30200000000,277800,0000,0,81130200000000
0099096730,00001,09,81,1,30200000000,141500,0000,0,81130200000000
0099096730,00001,09,84,2,40201020000,070000,0000,0,84240201020000
0098083952,00006,08,72,1,50612000000,000000,0000,0,72150612000000
0098083952,00001,08,14,1,11206020000,000000,0000,0,14111206020000
0098083952,00001,08,81,1,80112020000,000000,0000,0,81180112020000
0098083952,00001,08,84,1,40511000000,000000,0000,0,84140511000000
0098083952,00004,08,84,1,41000000000,000000,0000,0,84141000000000
0098083952,00001,08,81,1,93712010000,000000,0000,0,81193712010000
0098083952,00001,08,29,1,10201000000,000000,0000,0,29110201000000
0098083952,00004,08,81,1,93712010000,000000,0000,0,81193712010000
0098083952,00006,08,14,1,11202000000,000000,0000,0,14111202000000
0098083952,00006,08,14,1,11206020000,000000,0000,0,14111206020000
0098083952,00004,08,14,1,11206020000,000000,0000,0,14111206020000
0098083952,00001,08,81,1,80112010000,000000,0000,0,81180112010000
0098083952,00006,08,81,1,93712010000,000000,0000,0,81193712010000
0098083952,00006,08,14,1,81200000000,000000,0000,0,14181200000000
0098083952,00006,08,72,1,50312000000,000000,0000,0,72150312000000
0098083952,00004,08,14,1,81200000000,000000,0000,0,14181200000000
0107079149,00004,99,15,2,50900000000,000000,0000,0,15250900000000
0101343588,00006,99,84,2,40201020000,000000,0000,0,84240201020000
0108084367,00006,99,15,2,50900000000,000000,0000,0,15250900000000
0157694413,00001,09,14,1,11306020000,000000,0000,0,14111306020000
0157694413,00001,09,81,1,93713010000,000000,0000,0,81193713010000
0157694413,00001,09,14,1,81300000000,000000,0000,0,14181300000000
0157694413,00001,09,84,2,40201020000,019500,0000,0,84240201020000
0118107080,00006,09,14,1,81300000000,000000,0000,0,14181300000000
0118107080,00006,09,84,1,40511000000,000000,0000,0,84140511000000
0118107080,00006,09,14,1,11306020000,000000,0000,0,14111306020000
0118107080,00006,09,81,1,80113010000,000000,0000,0,81180113010000
0118107080,00006,09,84,1,41000000000,000000,0000,0,84141000000000
0118107080,00006,09,81,1,80113020000,000000,0000,0,81180113020000
0107622489,00123,09,84,1,40900000000,000000,0000,0,84140900000000
0107622489,00123,09,81,1,93713010000,000000,0000,0,81193713010000
0107622489,00001,09,81,1,80113020000,000000,0000,0,81180113020000
0107622489,00001,09,72,1,50613000000,000000,0000,0,72150613000000
0107622489,00123,09,14,1,81300000000,000000,0000,0,14181300000000
0107622489,00123,09,29,1,10205000000,000000,0000,0,29110205000000
0107622489,00001,09,14,1,11306020000,000000,0000,0,14111306020000
0107622489,00001,09,84,1,40511000000,000000,0000,0,84140511000000
0107622489,00123,09,14,1,11306020000,000000,0000,0,14111306020000
0107622489,00001,09,14,1,11302000000,000000,0000,0,14111302000000
0107622489,00001,09,81,1,80113010000,000000,0000,0,81180113010000
0107622489,00001,09,14,1,81300000000,000000,0000,0,14181300000000
0107622489,00001,09,81,1,93713010000,000000,0000,0,81193713010000
0107622489,00001,09,29,1,10201000000,000000,0000,0,29110201000000
0107622489,00123,09,84,1,41000000000,000000,0000,0,84141000000000
0130843514,00001,09,14,2,11304000000,000000,0000,0,14211304000000
0130843514,00001,09,14,1,11304000000,000000,0000,0,14111304000000
0130843514,00001,09,81,1,80113020000,000000,0000,0,81180113020000
0130843514,00001,09,14,1,81300000000,000000,0000,0,14181300000000
0130843514,00001,09,84,1,40511000000,000000,0000,0,84140511000000
0130843514,00001,09,81,1,80113010000,000000,0000,0,81180113010000
0130843514,00001,09,14,1,11306090000,000000,0000,0,14111306090000
0100324644,00001,09,81,1,30200000000,325200,0000,0,81130200000000
0100324644,00486,09,81,1,30200000000,113600,0000,0,81130200000000
0110759355,00001,10,14,1,10204000000,000000,0000,0,14110204000000
0110759355,00001,10,14,1,90201000000,000000,0000,0,14190201000000
0132674337,00006,09,14,1,11306020000,000000,0000,0,14111306020000
0132674337,00004,08,81,1,80112010000,000000,0000,0,81180112010000
0132674337,00004,08,14,1,81200000000,000000,0000,0,14181200000000
0132674337,00006,09,81,1,80113020000,000000,0000,0,81180113020000
0132674337,00006,09,84,1,41000000000,000000,0000,0,84141000000000
0132674337,00006,09,81,1,80113010000,000000,0000,0,81180113010000
0132674337,00004,08,14,1,11206020000,000000,0000,0,14111206020000
0132674337,00006,09,84,1,40511000000,000000,0000,0,84140511000000
0132674337,00006,09,14,1,81300000000,000000,0000,0,14181300000000
0132674337,00004,08,84,2,41000000000,000000,0000,0,84241000000000
0132674337,00004,08,81,1,80112020000,000000,0000,0,81180112020000
0034210187,00006,08,84,2,40201020000,000000,0000,0,84240201020000
0034210187,00006,08,81,1,93712010000,000000,0000,0,81193712010000
0034210187,00006,08,72,1,50612000000,000000,0000,0,72150612000000
0034210187,00006,08,14,1,11211000000,000000,0000,0,14111211000000
0034210187,00006,08,84,1,40511000000,000000,0000,0,84140511000000
0034210187,00006,08,81,1,80112010000,000000,0000,0,81180112010000
0034210187,00006,08,14,2,11202000000,000000,0000,0,14211202000000
0034210187,00006,08,84,1,41000000000,000000,0000,0,84141000000000
0034210187,00006,08,81,1,80112020000,000000,0000,0,81180112020000
0034210187,00006,08,14,1,81200000000,000000,0000,0,14181200000000
0034210187,00006,08,14,1,11206020000,000000,0000,0,14111206020000
0034210187,00006,08,84,1,40209000000,000000,0000,0,84140209000000
0153387907,00006,08,72,1,50612000000,000000,0000,0,72150612000000
0153387907,00006,08,15,1,50900000000,000000,0000,0,15150900000000
0153387907,00006,08,14,1,11206020000,000000,0000,0,14111206020000
0153387907,00006,08,84,2,40201020000,000000,0000,0,84240201020000
0153387907,00006,08,84,1,41000000000,000000,0000,0,84141000000000
0153387907,00006,08,14,1,11202000000,000000,0000,0,14111202000000
0153387907,00006,08,14,1,81200000000,000000,0000,0,14181200000000
0120286030,00001,09,72,1,50613000000,000000,0000,0,72150613000000
0120286030,00006,09,14,1,81300000000,000000,0000,0,14181300000000
0120286030,00006,09,84,1,40511000000,000000,0000,0,84140511000000
0120286030,00006,09,81,1,80113020000,000000,0000,0,81180113020000
0120286030,00006,09,81,1,80113010000,000000,0000,0,81180113010000
0120286030,00006,09,84,1,41000000000,000000,0000,0,84141000000000
0120286030,00006,09,14,1,11306020000,000000,0000,0,14111306020000
0130849423,00001,08,14,1,81200000000,000000,0000,0,14181200000000
0130849423,00001,08,29,1,10201000000,000000,0000,0,29110201000000
0130849423,00006,08,81,1,80112010000,000000,0000,0,81180112010000
0130849423,00001,08,81,1,80112020000,000000,0000,0,81180112020000
0130849423,00001,08,84,2,40201020000,031300,0000,0,84240201020000
0130849423,00006,08,84,1,40511000000,000000,0000,0,84140511000000
0130849423,00001,08,81,1,80112010000,000000,0000,0,81180112010000
0130849423,00001,08,84,1,40511000000,000000,0000,0,84140511000000
0130849423,00006,08,81,1,80112020000,000000,0000,0,81180112020000
0130849423,00006,08,14,1,81200000000,000000,0000,0,14181200000000
0130849423,00001,08,72,1,50612000000,000000,0000,0,72150612000000
0130849423,00006,08,84,1,41000000000,000000,0000,0,84141000000000
0130849423,00001,08,14,1,11206020000,000000,0000,0,14111206020000
0130849423,00006,08,14,1,11206020000,000000,0000,0,14111206020000
0066644430,00126,99,84,2,41000000000,000000,0000,0,84241000000000
0066644430,00002,99,84,2,40208000000,000000,0000,0,84240208000000
0116038781,00002,08,14,1,91201000000,143200,0000,0,14191201000000
0116038781,00002,08,14,1,61206020000,143200,0000,0,14161206020000
0116038781,00002,08,29,1,10106000000,143200,0000,0,29110106000000
0116038781,00002,08,84,1,41000000000,000000,0000,0,84141000000000
0116038781,00001,08,81,1,30200000000,261300,0000,0,81130200000000
0116038781,00002,08,84,2,40201020000,249900,0000,0,84240201020000
0132719071,00004,09,14,1,91301000000,000000,0000,0,14191301000000
0132719071,00004,09,14,1,61306020000,195700,0000,0,14161306020000
0132719071,00396,09,14,1,61306020000,210200,0000,0,14161306020000
0132719071,00396,09,14,1,91301000000,210200,0000,0,14191301000000
0136014854,00001,10,14,1,90201000000,000000,0000,0,14190201000000
0136014854,00001,10,81,1,93702010000,000000,0000,0,81193702010000
0136014854,00001,10,14,1,10202010000,002400,0000,0,14110202010000
0136014854,00001,10,14,1,10202090000,002400,0000,0,14110202090000
0136014854,00001,10,14,1,80200000000,002400,0000,0,14180200000000
0136014854,00001,10,72,1,50602000000,000000,0000,0,72150602000000
0103296552,00001,09,81,1,30200000000,345700,0000,0,81130200000000
0103296552,00006,99,15,2,50900000000,000000,0000,0,15250900000000
0144816773,00001,09,81,1,30200000000,222800,0000,0,81130200000000
0135434078,00001,10,29,1,10201000000,000000,0000,0,29110201000000
0135434078,00103,10,84,1,41000000000,000000,0000,0,84141000000000
0135434078,00103,10,14,1,80200000000,000000,0000,0,14180200000000
0135434078,00001,10,14,1,10206020000,000000,0000,0,14110206020000
0135434078,00001,10,81,1,80102020000,000000,0000,0,81180102020000
0135434078,00103,99,84,1,40900000000,000000,0000,0,84140900000000
0135434078,00001,10,81,1,80102010000,000000,0000,0,81180102010000
0135434078,00103,10,81,1,93702010000,000000,0000,0,81193702010000
0135434078,00103,10,14,1,10206020000,000000,0000,0,14110206020000
0135434078,00001,10,84,1,40511000000,000000,0000,0,84140511000000
0124535719,00006,09,72,1,50613000000,000000,0000,0,72150613000000
0124535719,00006,09,81,1,93713010000,000000,0000,0,81193713010000
0124535719,00006,09,14,1,91301000000,000000,0000,0,14191301000000
0124535719,00006,09,81,1,93905020000,000000,0000,0,81193905020000
0124535719,00006,09,14,1,51302000000,009700,0000,0,14151302000000
0124535719,00006,09,81,1,93905010000,000000,0000,0,81193905010000
0124535719,00006,09,15,1,50900000000,000000,0000,0,15150900000000
0124535719,00006,09,84,1,40512000000,000000,0000,0,84140512000000
0098096795,00001,08,14,1,11202000000,000000,0000,0,14111202000000
0098096795,00001,08,81,1,80112010000,000000,0000,0,81180112010000
0098096795,00001,08,29,1,10201000000,000000,0000,0,29110201000000
0098096795,00001,08,14,1,81200000000,000000,0000,0,14181200000000
0098096795,00006,08,84,1,41000000000,000000,0000,0,84141000000000
0098096795,00001,08,81,1,80112020000,000000,0000,0,81180112020000
0098096795,00001,08,84,1,40511000000,000000,0000,0,84140511000000
0098096795,00006,08,14,1,81200000000,000000,0000,0,14181200000000
0098096795,00001,08,72,1,50612000000,000000,0000,0,72150612000000
0098096795,00001,08,81,1,93712010000,000000,0000,0,81193712010000
0098096795,00001,08,84,2,40201020000,004700,0000,0,84240201020000
0098096795,00001,08,84,2,40201020000,019500,0000,0,84240201020000
0098096795,00006,08,14,1,11206020000,000000,0000,0,14111206020000
0098096795,00006,08,84,2,40201020000,000000,0000,0,84240201020000
0098096795,00001,08,14,1,11206020000,000000,0000,0,14111206020000
0094045878,00006,09,81,1,80113010000,000000,0000,0,81180113010000
0094045878,00006,09,84,1,40511000000,000000,0000,0,84140511000000
0094045878,00006,09,14,1,81300000000,000000,0000,0,14181300000000
0094045878,00006,09,84,1,41000000000,000000,0000,0,84141000000000
0094045878,00006,09,81,1,80113020000,000000,0000,0,81180113020000
0094045878,00006,09,14,1,11306020000,000000,0000,0,14111306020000
0104715974,00001,09,81,1,30200000000,160300,0000,0,81130200000000
0104715974,00001,09,81,1,30200000000,073600,0000,0,81130200000000
0102666461,00001,09,84,2,40201020000,019500,0000,0,84240201020000
0102666461,00001,09,14,1,91301000000,000000,0000,0,14191301000000
0102666461,00001,09,14,1,61306020000,191900,0000,0,14161306020000
0102666461,00001,09,14,1,61306090000,191000,0000,0,14161306090000
0100785846,00001,09,81,1,30200000000,436700,0000,0,81130200000000
0113525711,00004,08,84,2,41000000000,000000,0000,0,84241000000000
0113525711,00004,08,81,1,80112010000,000000,0000,0,81180112010000
0113525711,00004,08,84,1,40511000000,000000,0000,0,84140511000000
0113525711,00001,08,84,1,41000000000,000000,0000,0,84141000000000
0113525711,00001,08,84,1,40201020000,019500,0000,0,84140201020000
0113525711,00004,08,81,1,80112020000,000000,0000,0,81180112020000
0113525711,00004,08,84,1,40209000000,000000,0000,0,84140209000000
0113525711,00001,08,14,1,11206020000,000000,0000,0,14111206020000
0113525711,00004,08,14,1,11211000000,000000,0000,0,14111211000000
0113525711,00001,08,81,1,80112010000,000000,0000,0,81180112010000
0113525711,00001,08,29,1,10201000000,000000,0000,0,29110201000000
0113525711,00001,08,84,1,40511000000,000000,0000,0,84140511000000
0113525711,00184,08,84,2,40201020000,000000,0000,0,84240201020000
0113525711,00001,08,84,2,40201020000,019500,0000,0,84240201020000
0113525711,00004,08,14,1,11206020000,000000,0000,0,14111206020000
0113525711,00004,08,14,1,81200000000,000000,0000,0,14181200000000
0113525711,00001,08,14,1,81200000000,000000,0000,0,14181200000000
0113525711,00001,08,81,1,80112020000,000000,0000,0,81180112020000
0121918161,00004,10,16,1,20301000000,000000,0000,0,16120301000000
0121918161,00004,10,16,1,20302000000,000000,0000,0,16120302000000
0121918161,00004,10,16,1,90200000000,000000,0000,0,16190200000000
0121918161,00004,10,81,1,30200000000,021000,0000,0,81130200000000
0102411366,00001,10,81,1,30200000000,325200,0000,0,81130200000000
0127598860,00001,10,72,1,50602000000,000000,0000,0,72150602000000
0136361139,00006,10,72,1,50602000000,000000,0000,0,72150602000000
0096776055,00001,08,14,1,81200000000,000000,0000,0,14181200000000
0096776055,00006,08,14,1,11206020000,000000,0000,0,14111206020000
0096776055,00001,08,81,1,93712010000,000000,0000,0,81193712010000
0096776055,00006,08,84,1,40511000000,000000,0000,0,84140511000000
0096776055,00001,08,84,1,40511000000,000000,0000,0,84140511000000
0096776055,00001,08,81,1,80112010000,000000,0000,0,81180112010000
0096776055,00001,08,84,2,40201020000,044800,0000,0,84240201020000
0096776055,00001,08,14,1,11206020000,000000,0000,0,14111206020000
0096776055,00001,08,81,1,80112020000,000000,0000,0,81180112020000
0096776055,00006,08,14,1,81200000000,000000,0000,0,14181200000000
0096776055,00001,08,29,1,10201000000,000000,0000,0,29110201000000
0096776055,00006,08,84,1,41000000000,000000,0000,0,84141000000000
0096776055,00006,08,81,1,80112010000,000000,0000,0,81180112010000
0096776055,00006,08,81,1,80112020000,000000,0000,0,81180112020000
0096776055,00001,08,84,1,41000000000,000000,0000,0,84141000000000
0163460726,00001,10,72,1,50602000000,000000,0000,0,72150602000000
0145401283,00001,10,81,1,80102020000,000000,0000,0,81180102020000
0145401283,00001,10,14,1,10206020000,000000,0000,0,14110206020000
0145401283,00001,10,84,1,40511000000,000000,0000,0,84140511000000
0145401283,00001,10,14,1,80200000000,000000,0000,0,14180200000000
0145401283,00001,10,81,1,80102010000,000000,0000,0,81180102010000
0145401283,00001,10,72,1,50602000000,000000,0000,0,72150602000000
0145401283,00001,10,84,2,40900000000,000000,0000,0,84240900000000
0112550712,00001,09,81,1,30200000000,362700,0000,0,81130200000000
0123556704,00001,10,14,1,10204000000,000000,0000,0,14110204000000
0107703063,00001,08,14,1,81200000000,000000,0000,0,14181200000000
0107703063,00082,08,14,1,11206020000,000000,0000,0,14111206020000
0107703063,00082,08,84,1,40208000000,094300,0000,0,84140208000000
0107703063,00185,08,14,2,11206020000,000000,0000,0,14211206020000
0107703063,00185,08,84,2,41000000000,000000,0000,0,84241000000000
0107703063,00082,08,29,1,10201000000,000000,0000,0,29110201000000
0107703063,00055,08,84,2,41000000000,000000,0000,0,84241000000000
0107703063,00082,08,14,1,81200000000,000000,0000,0,14181200000000
0107703063,00185,08,14,2,81200000000,000000,0000,0,14281200000000
0107703063,00185,08,84,2,40209000000,000000,0000,0,84240209000000
0107703063,00082,08,84,2,41000000000,000000,0000,0,84241000000000
0107703063,00001,08,14,1,11202000000,000000,0000,0,14111202000000
0107703063,00082,08,81,1,93712010000,000000,0000,0,81193712010000
0107703063,00006,08,72,1,50612000000,000000,0000,0,72150612000000
0107703063,00185,08,81,2,93712010000,000000,0000,0,81293712010000
0107703063,00082,08,84,1,40208000000,000000,0000,0,84140208000000
0107703063,00184,08,84,2,40209000000,000000,0000,0,84240209000000
0107703063,00184,08,84,2,40208000000,000000,0000,0,84240208000000
0107703063,00082,08,84,2,40201020000,068700,0000,0,84240201020000
0107703063,00185,08,14,2,91205000000,000000,0000,0,14291205000000
0107703063,00082,08,81,1,80112010000,000000,0000,0,81180112010000
0107703063,00082,08,84,1,40511000000,000000,0000,0,84140511000000
0107703063,00082,08,14,1,11211000000,000000,0000,0,14111211000000
0107703063,00185,08,84,2,40900000000,000000,0000,0,84240900000000
0107703063,00001,08,72,1,50612000000,000000,0000,0,72150612000000
0107703063,00001,08,81,1,93712010000,000000,0000,0,81193712010000
0132624356,00123,09,84,1,41000000000,000000,0000,0,84141000000000
0132624356,00006,09,81,1,80113020000,000000,0000,0,81180113020000
0132624356,00006,09,14,1,11306020000,000000,0000,0,14111306020000
0132624356,00006,09,81,1,80113010000,000000,0000,0,81180113010000
0132624356,00123,09,84,1,40900000000,000000,0000,0,84140900000000
0132624356,00006,09,84,1,41000000000,000000,0000,0,84141000000000
0132624356,00006,09,14,1,81300000000,000000,0000,0,14181300000000
0132624356,00123,09,14,1,11306020000,000000,0000,0,14111306020000
0132624356,00123,09,14,1,81300000000,000000,0000,0,14181300000000
0132624356,00006,09,84,1,40511000000,000000,0000,0,84140511000000
0102358384,00001,09,81,1,80113010000,000000,0000,0,81180113010000
0102358384,00001,09,72,1,50613000000,000000,0000,0,72150613000000
0102358384,00001,09,14,1,11302000000,000000,0000,0,14111302000000
0102358384,00001,09,14,1,81300000000,000000,0000,0,14181300000000
0102358384,00001,09,29,1,10201000000,000000,0000,0,29110201000000
0102358384,00001,09,81,1,93713010000,000000,0000,0,81193713010000
0102358384,00001,09,81,1,80113020000,000000,0000,0,81180113020000
0102358384,00001,09,84,1,40511000000,000000,0000,0,84140511000000
0102358384,00001,09,14,1,11306020000,000000,0000,0,14111306020000
0135667510,00004,09,14,1,81300000000,000000,0000,0,14181300000000
0135667510,00004,09,14,1,11306020000,000000,0000,0,14111306020000
0135667510,00004,09,72,1,50313000000,000000,0000,0,72150313000000
0135667510,00004,09,81,1,93713010000,000000,0000,0,81193713010000
0095172679,00001,10,81,1,30200000000,361700,0000,0,81130200000000
0125228372,00006,09,14,1,11306020000,000000,0000,0,14111306020000
0125228372,00106,09,14,1,81300000000,000000,0000,0,14181300000000
0125228372,00006,09,14,1,81300000000,000000,0000,0,14181300000000
0125228372,00106,09,81,1,80113020000,000000,0000,0,81180113020000
0125228372,00006,09,84,1,41000000000,000000,0000,0,84141000000000
0125228372,00006,09,81,1,80113020000,000000,0000,0,81180113020000
0125228372,00006,09,81,1,80113010000,000000,0000,0,81180113010000
0125228372,00106,09,84,1,40511000000,000000,0000,0,84140511000000
0125228372,00106,09,14,1,11306020000,000000,0000,0,14111306020000
0125228372,00006,09,84,1,40511000000,000000,0000,0,84140511000000
0125228372,00001,09,72,1,50613000000,000000,0000,0,72150613000000
0125228372,00106,09,84,1,41000000000,000000,0000,0,84141000000000
0125228372,00106,09,81,1,80113010000,000000,0000,0,81180113010000
0162901788,00004,08,81,1,93712010000,000000,0000,0,81193712010000
0162901788,00004,08,81,1,80112020000,000000,0000,0,81180112020000
0162901788,00004,08,14,1,11206020000,000000,0000,0,14111206020000
0162901788,00004,08,72,1,50312000000,000000,0000,0,72150312000000
0162901788,00004,08,81,1,80112010000,000000,0000,0,81180112010000
0162901788,00004,08,84,1,40900000000,033600,0000,0,84140900000000
0162901788,00004,08,14,1,81200000000,000000,0000,0,14181200000000
0162901788,00004,08,84,1,40900000000,034300,0000,0,84140900000000
0162901788,00004,08,15,2,50900000000,000000,0000,0,15250900000000
0167097774,00002,09,84,1,41000000000,000000,0000,0,84141000000000
0167097774,00002,09,81,1,93713010000,000000,0000,0,81193713010000
0167097774,00001,09,84,1,40511000000,000000,0000,0,84140511000000
0167097774,00006,09,72,1,50613000000,000000,0000,0,72150613000000
0167097774,00006,09,81,1,93713010000,000000,0000,0,81193713010000
0167097774,00001,09,81,1,80113010000,000000,0000,0,81180113010000
0167097774,00001,09,29,1,10201000000,000000,0000,0,29110201000000
0167097774,00006,09,81,1,93902010000,000000,0000,0,81193902010000
0167097774,00001,09,81,1,80113020000,000000,0000,0,81180113020000
0167097774,00001,09,14,1,11306020000,000000,0000,0,14111306020000
0167097774,00006,09,84,1,40512000000,000000,0000,0,84140512000000
0167097774,00006,09,81,1,93902020000,000000,0000,0,81193902020000
0167097774,00001,09,81,1,93713010000,000000,0000,0,81193713010000
0167097774,00006,09,15,1,50900000000,000000,0000,0,15150900000000
0167097774,00002,09,14,1,11306020000,000000,0000,0,14111306020000
0167097774,00002,09,14,1,81300000000,000000,0000,0,14181300000000
0167097774,00006,09,14,1,81300000000,000000,0000,0,14181300000000
0167097774,00006,09,14,1,11302000000,000000,0000,0,14111302000000
0167097774,00006,09,14,1,11304000000,000000,0000,0,14111304000000
0113627581,00004,09,84,1,40201020000,054600,0000,0,84140201020000
0113627581,00004,09,14,1,61319060000,016700,0000,0,14161319060000
0113627581,00004,09,14,1,91301000000,000000,0000,0,14191301000000
0088189639,00001,07,14,2,11106090000,000000,0000,0,14211106090000
0088189639,00001,07,14,1,81100000000,000000,0000,0,14181100000000
0088189639,00001,07,14,2,11111000000,000000,0000,0,14211111000000
0088189639,00006,08,14,2,11211000000,000000,0000,0,14211211000000
0088189639,00001,07,84,2,40900000000,000000,0000,0,84240900000000
0088189639,00006,08,14,2,81200000000,000000,0000,0,14281200000000
0088189639,00002,07,84,1,41000000000,000000,0000,0,84141000000000
0088189639,00001,07,29,2,10201000000,000000,0000,0,29210201000000
0088189639,00002,07,14,2,11106090000,000000,0000,0,14211106090000
0088189639,00001,07,81,1,80111020000,000000,0000,0,81180111020000
0088189639,00002,07,84,2,41000000000,000000,0000,0,84241000000000
0088189639,00002,07,84,2,40201020000,074100,0000,0,84240201020000
0088189639,00002,07,14,2,11106010000,000000,0000,0,14211106010000
0088189639,00001,07,84,1,40511000000,000000,0000,0,84140511000000
0088189639,00006,08,84,2,40900000000,000000,0000,0,84240900000000
0088189639,00002,07,14,2,81100000000,000000,0000,0,14281100000000
0088189639,00001,07,81,1,80111010000,000000,0000,0,81180111010000
0088189639,00001,07,14,2,81100000000,000000,0000,0,14281100000000
0088189639,00001,07,14,1,11106090000,000000,0000,0,14111106090000
0151476104,00001,09,14,1,81300000000,000000,0000,0,14181300000000
0151476104,00001,09,72,1,50613000000,000000,0000,0,72150613000000
0151476104,00001,09,81,1,80113010000,000000,0000,0,81180113010000
0151476104,00001,09,84,1,41000000000,000000,0000,0,84141000000000
0151476104,00001,09,84,2,40201020000,087400,0000,0,84240201020000
0151476104,00001,09,14,1,11306020000,000000,0000,0,14111306020000
0151476104,00001,09,14,1,11306090000,000000,0000,0,14111306090000
0151476104,00001,09,84,1,40511000000,000000,0000,0,84140511000000
0151476104,00001,09,81,1,80113020000,000000,0000,0,81180113020000
0122329089,00004,09,14,1,81300000000,000000,0000,0,14181300000000
0122329089,00103,09,14,1,81300000000,000000,0000,0,14181300000000
0122329089,00006,09,14,1,81300000000,000000,0000,0,14181300000000
0122329089,00004,09,14,1,11306020000,002200,0000,0,14111306020000
0122329089,00103,99,84,2,40900000000,000000,0000,0,84240900000000
0122329089,00103,09,84,1,41000000000,000000,0000,0,84141000000000
0122329089,00006,09,14,1,11306020000,000000,0000,0,14111306020000
0122329089,00006,09,81,1,80113020000,000000,0000,0,81180113020000
0122329089,00006,09,84,1,41000000000,000000,0000,0,84141000000000
0122329089,00004,09,14,1,91301000000,000000,0000,0,14191301000000
0122329089,00006,09,81,1,80113010000,000000,0000,0,81180113010000
0122329089,00006,09,84,1,40511000000,000000,0000,0,84140511000000
0122329089,00004,09,15,1,50102000000,000000,0000,0,15150102000000
0122329089,00103,09,14,1,11306090000,000000,0000,0,14111306090000
0117454886,00001,09,72,1,50613000000,000000,0000,0,72150613000000
0117454886,00006,09,72,1,50313000000,000000,0000,0,72150313000000
0162004565,00487,09,14,1,61306020000,075100,0000,0,14161306020000
0162004565,00487,09,14,1,61306020000,076700,0000,0,14161306020000
0162004565,00342,09,14,1,61302000000,000000,0000,0,14161302000000
0168571933,00001,09,84,1,40511000000,000000,0000,0,84140511000000
0168571933,00001,09,81,1,80113020000,000000,0000,0,81180113020000
0168571933,00001,09,14,1,81300000000,000000,0000,0,14181300000000
0168571933,00001,09,81,1,80113010000,000000,0000,0,81180113010000
0168571933,00001,09,29,1,10201000000,000000,0000,0,29110201000000
0168571933,00001,09,14,1,11306020000,000000,0000,0,14111306020000
0168571933,00001,09,81,1,93713010000,000000,0000,0,81193713010000
0168571933,00001,09,71,1,20000000000,000000,0000,0,71120000000000
0102281934,00107,09,14,1,11306020000,000000,0000,0,14111306020000
0102281934,00107,09,84,1,41000000000,000000,0000,0,84141000000000
0102281934,00107,09,81,1,93713010000,000000,0000,0,81193713010000
0102281934,00107,09,29,1,10101000000,000000,0000,0,29110101000000
0102281934,00107,09,84,1,40900000000,000000,0000,0,84140900000000
0102281934,00107,09,14,1,81300000000,000000,0000,0,14181300000000
0168651791,00001,08,84,1,40511000000,000000,0000,0,84140511000000
0168651791,00001,08,14,1,11206020000,000000,0000,0,14111206020000
0168651791,00001,08,72,1,50612000000,000000,0000,0,72150612000000
0168651791,00001,08,81,1,80112010000,000000,0000,0,81180112010000
0168651791,00103,08,14,1,11206090000,000000,0000,0,14111206090000
0168651791,00103,08,84,1,41000000000,000000,0000,0,84141000000000
0168651791,00001,08,81,1,93712010000,000000,0000,0,81193712010000
0168651791,00001,08,29,1,10201000000,000000,0000,0,29110201000000
0168651791,00001,08,14,1,11202000000,000000,0000,0,14111202000000
0168651791,00103,08,81,1,93712010000,000000,0000,0,81193712010000
0168651791,00001,08,14,1,81200000000,000000,0000,0,14181200000000
0168651791,00001,08,81,1,80112020000,000000,0000,0,81180112020000
0168651791,00103,08,14,1,81200000000,000000,0000,0,14181200000000
0168651791,00103,08,14,1,11206020000,000000,0000,0,14111206020000
0165891236,00004,09,14,1,81300000000,000000,0000,0,14181300000000
0165891236,00004,09,81,1,93713010000,000000,0000,0,81193713010000
0165891236,00004,09,14,1,11306020000,000000,0000,0,14111306020000
0152616724,00103,08,81,1,80112020000,000000,0000,0,81180112020000
0152616724,00006,08,72,1,50612000000,000000,0000,0,72150612000000
0152616724,00103,08,81,1,93712010000,000000,0000,0,81193712010000
0152616724,00103,08,81,1,80112010000,000000,0000,0,81180112010000
0152616724,00103,08,14,1,81200000000,000000,0000,0,14181200000000
0152616724,00103,08,84,1,41000000000,000000,0000,0,84141000000000
0152616724,00001,08,72,1,50612000000,000000,0000,0,72150612000000
0152616724,00103,08,14,1,11206020000,000000,0000,0,14111206020000
0152616724,00103,99,84,1,40511000000,000000,0000,0,84140511000000
0152616724,00103,99,84,1,40900000000,000000,0000,0,84140900000000
0153547378,00001,10,72,1,50602000000,000000,0000,0,72150602000000
0103301645,00001,09,81,1,80113010000,000000,0000,0,81180113010000
0103301645,00001,09,84,2,40900000000,000000,0000,0,84240900000000
0103301645,00001,09,29,1,10201000000,000000,0000,0,29110201000000
0103301645,00006,09,81,1,80113010000,000000,0000,0,81180113010000
0103301645,00006,09,14,1,11306020000,000000,0000,0,14111306020000
0103301645,00006,09,84,1,40511000000,000000,0000,0,84140511000000
0103301645,00001,09,81,1,80113020000,000000,0000,0,81180113020000
0103301645,00006,09,84,1,41000000000,000000,0000,0,84141000000000
0103301645,00006,09,81,1,80113020000,000000,0000,0,81180113020000
0103301645,00006,09,14,1,81300000000,000000,0000,0,14181300000000
0103301645,00001,09,84,1,40511000000,000000,0000,0,84140511000000
0103301645,00001,09,14,1,11306020000,000000,0000,0,14111306020000
0103301645,00001,09,72,1,50613000000,000000,0000,0,72150613000000
0119379865,00123,09,84,1,41000000000,000000,0000,0,84141000000000
0119379865,00001,09,14,1,11302000000,000000,0000,0,14111302000000
0119379865,00001,09,14,1,51306020000,008900,0000,0,14151306020000
0119379865,00001,09,14,1,81300000000,000000,0000,0,14181300000000
0119379865,00123,09,29,1,10201000000,000000,0000,0,29110201000000
0119379865,00001,09,81,1,93713010000,000000,0000,0,81193713010000
0119379865,00123,09,81,1,93713010000,000000,0000,0,81193713010000
0119379865,00123,09,84,1,40900000000,000000,0000,0,84140900000000
0119379865,00001,09,14,2,51304000000,143000,0000,0,14251304000000
0119379865,00123,09,14,1,11306020000,000000,0000,0,14111306020000
0119379865,00001,09,14,2,91301000000,000000,0000,0,14291301000000
0119379865,00001,09,14,1,91301000000,000000,0000,0,14191301000000
0144029607,00004,09,14,1,91301000000,000000,0000,0,14191301000000
0144029607,00004,09,29,1,10104000000,000000,0000,0,29110104000000
0144029607,00004,09,84,1,41000000000,000000,0000,0,84141000000000
0144029607,00004,09,14,1,51319060000,008300,0000,0,14151319060000
0110771398,00278,10,81,1,92500000000,066500,0000,0,81192500000000
0110771398,00396,10,14,1,90201000000,198100,0000,0,14190201000000
0110771398,00396,10,14,1,60206090000,198100,0000,0,14160206090000
0149450971,00123,10,14,1,10206020000,000000,0000,0,14110206020000
0149450971,00123,10,81,1,80102020000,000000,0000,0,81180102020000
0149450971,00123,10,84,1,41000000000,000000,0000,0,84141000000000
0149450971,00123,10,81,1,80102010000,000000,0000,0,81180102010000
0149450971,00123,10,84,1,40511000000,000000,0000,0,84140511000000
0149450971,00123,10,84,1,40900000000,000000,0000,0,84140900000000
0149450971,00123,10,14,1,80200000000,000000,0000,0,14180200000000
0127114536,00001,08,81,1,80112010000,000000,0000,0,81180112010000
0127114536,00002,08,81,1,93712010000,000000,0000,0,81193712010000
0127114536,00006,08,81,1,80112020000,000000,0000,0,81180112020000
0127114536,00006,08,81,1,93712010000,000000,0000,0,81193712010000
0127114536,00002,08,14,1,81200000000,000000,0000,0,14181200000000
0127114536,00002,08,14,1,11206020000,000000,0000,0,14111206020000
0127114536,00006,08,14,1,81200000000,000000,0000,0,14181200000000
0127114536,00006,08,84,1,40511000000,000000,0000,0,84140511000000
0127114536,00006,08,84,1,41000000000,000000,0000,0,84141000000000
0127114536,00001,08,81,1,80112020000,000000,0000,0,81180112020000
0127114536,00002,08,14,1,91201000000,000000,0000,0,14191201000000
0127114536,00001,08,29,1,10201000000,000000,0000,0,29110201000000
0127114536,00001,08,14,1,11206020000,000000,0000,0,14111206020000
0127114536,00001,08,84,1,40511000000,000000,0000,0,84140511000000
0127114536,00001,08,84,1,41000000000,000000,0000,0,84141000000000
0127114536,00001,08,84,2,40201020000,019400,0000,0,84240201020000
0127114536,00006,08,72,1,50612000000,000000,0000,0,72150612000000
0127114536,00006,08,14,1,11206020000,000000,0000,0,14111206020000
0127114536,00002,08,14,1,51206010000,005700,0000,0,14151206010000
0127114536,00001,08,81,1,93712010000,000000,0000,0,81193712010000
0127114536,00002,08,84,1,41000000000,000000,0000,0,84141000000000
0127114536,00006,08,14,1,11202000000,000000,0000,0,14111202000000
0127114536,00001,08,14,1,81200000000,000000,0000,0,14181200000000
0127114536,00002,08,14,1,91201000000,005700,0000,0,14191201000000
0127114536,00006,08,81,1,80112010000,000000,0000,0,81180112010000
0200303393,00001,09,14,1,11306020000,000000,0000,0,14111306020000
0200303393,00001,09,29,1,10201000000,000000,0000,0,29110201000000
0200303393,00001,09,84,1,40511000000,000000,0000,0,84140511000000
0200303393,00001,09,81,1,80113010000,000000,0000,0,81180113010000
0200303393,00001,09,81,1,80113020000,000000,0000,0,81180113020000
0103799589,00278,10,81,1,30200000000,240400,0000,0,81130200000000
0154354042,00004,08,14,1,81200000000,000000,0000,0,14181200000000
0154354042,00004,08,71,1,20000000000,000000,0000,0,71120000000000
0154354042,00004,08,84,1,40511000000,000000,0000,0,84140511000000
0154354042,00004,08,14,1,11211000000,000000,0000,0,14111211000000
0154354042,00004,08,81,1,80112020000,000000,0000,0,81180112020000
0154354042,00004,08,14,1,11206020000,000000,0000,0,14111206020000
0154354042,00004,08,84,2,41000000000,000000,0000,0,84241000000000
0154354042,00004,08,81,1,80112010000,000000,0000,0,81180112010000
0154354042,00004,08,84,1,40209000000,000000,0000,0,84140209000000
0154354042,00004,08,84,1,40208000000,000000,0000,0,84140208000000
0143188116,00001,10,72,1,50602000000,000000,0000,0,72150602000000
0139097742,00278,10,81,1,30200000000,203900,0000,0,81130200000000
0167103871,00002,08,14,1,11206020000,000000,0000,0,14111206020000
0167103871,00006,08,14,1,81200000000,000000,0000,0,14181200000000
0167103871,00001,08,72,1,50612000000,000000,0000,0,72150612000000
0167103871,00001,08,14,1,11202000000,000000,0000,0,14111202000000
0167103871,00001,08,14,1,81200000000,000000,0000,0,14181200000000
0167103871,00006,08,84,2,40201020000,000000,0000,0,84240201020000
0167103871,00002,08,84,1,41000000000,000000,0000,0,84141000000000
0167103871,00002,08,84,1,40511000000,000000,0000,0,84140511000000
0167103871,00002,08,81,1,93712010000,000000,0000,0,81193712010000
0167103871,00006,08,84,1,41000000000,000000,0000,0,84141000000000
0167103871,00006,08,81,1,93712010000,000000,0000,0,81193712010000
0167103871,00006,08,14,1,11206020000,000000,0000,0,14111206020000
0167103871,00002,08,14,1,81200000000,000000,0000,0,14181200000000
0167103871,00002,08,81,1,80112010000,000000,0000,0,81180112010000
0104741398,00001,09,81,1,30200000000,079700,0000,0,81130200000000
0142373602,00106,10,84,1,40511000000,000000,0000,0,84140511000000
0142373602,00106,10,81,1,80102020000,000000,0000,0,81180102020000
0142373602,00106,10,84,1,41000000000,000000,0000,0,84141000000000
0142373602,00106,10,14,1,10206020000,000000,0000,0,14110206020000
0142373602,00106,10,81,1,80102010000,000000,0000,0,81180102010000
0142373602,00106,10,14,1,80200000000,000000,0000,0,14180200000000
0114425770,00006,09,14,1,81300000000,000000,0000,0,14181300000000
0114425770,00006,09,81,1,93713010000,000000,0000,0,81193713010000
0114425770,00006,09,14,1,11302000000,000000,0000,0,14111302000000
0114425770,00006,09,81,1,80113020000,000000,0000,0,81180113020000
0114425770,00006,09,81,1,80113010000,000000,0000,0,81180113010000
0114425770,00006,09,72,1,50613000000,000000,0000,0,72150613000000
0114425770,00006,09,84,1,41000000000,000000,0000,0,84141000000000
0114425770,00006,09,84,1,40511000000,000000,0000,0,84140511000000
0114425770,00006,09,14,1,11306020000,000000,0000,0,14111306020000
0154959297,00006,09,14,1,61319060000,057700,0000,0,14161319060000
0154959297,00006,09,14,1,91301000000,000000,0000,0,14191301000000
0154959297,00006,09,84,1,41000000000,000000,0000,0,84141000000000
0100748711,00001,09,14,1,51304000000,004400,0000,0,14151304000000
0100748711,00001,09,14,1,91301000000,000000,0000,0,14191301000000
0104699243,00006,09,84,1,41000000000,000000,0000,0,84141000000000
0104699243,00001,09,81,1,80113010000,000000,0000,0,81180113010000
0104699243,00004,09,72,1,50313000000,000000,0000,0,72150313000000
0104699243,00001,09,29,1,10201000000,000000,0000,0,29110201000000
0104699243,00006,09,14,1,81300000000,000000,0000,0,14181300000000
0104699243,00001,09,81,1,80113020000,000000,0000,0,81180113020000
0104699243,00001,09,84,1,40511000000,000000,0000,0,84140511000000
0104699243,00006,09,81,1,80113020000,000000,0000,0,81180113020000
0104699243,00006,09,81,1,93713010000,000000,0000,0,81193713010000
0104699243,00006,09,84,1,40511000000,000000,0000,0,84140511000000
0104699243,00006,09,14,1,11306020000,000000,0000,0,14111306020000
0104699243,00006,09,81,1,80113010000,000000,0000,0,81180113010000
0104699243,00001,09,14,1,11306020000,000000,0000,0,14111306020000
0155035927,00002,09,81,1,80113010000,000000,0000,0,81180113010000
0155035927,00002,09,84,1,40511000000,000000,0000,0,84140511000000
0155035927,00002,09,14,1,11306020000,000000,0000,0,14111306020000
0155035927,00002,09,14,1,81300000000,000000,0000,0,14181300000000
0141755854,00101,09,14,1,81300000000,000000,0000,0,14181300000000
0141755854,00101,09,81,1,93713010000,000000,0000,0,81193713010000
0141755854,00112,09,14,1,11306020000,000000,0000,0,14111306020000
0141755854,00101,09,29,1,10101000000,000000,0000,0,29110101000000
0141755854,00112,09,14,1,81300000000,000000,0000,0,14181300000000
0141755854,00101,09,14,1,11306020000,000000,0000,0,14111306020000
0104676987,00001,09,14,1,11304000000,000000,0000,0,14111304000000
0009092471,00368,09,81,2,30200000000,651600,0000,0,81230200000000
0113234482,00110,09,84,1,40900000000,000000,0000,0,84140900000000
0113234482,00110,09,14,1,61306020000,239900,0000,0,14161306020000
0113234482,00110,09,14,1,91301000000,239900,0000,0,14191301000000
0113234482,00110,09,84,1,41000000000,000000,0000,0,84141000000000
0113234482,00396,09,14,1,91301000000,267800,0000,0,14191301000000
0113234482,00001,09,81,1,30200000000,334600,0000,0,81130200000000
0113234482,00396,09,14,1,61306090000,267800,0000,0,14161306090000
0110812850,00001,08,81,1,80112020000,000000,0000,0,81180112020000
0110812850,00001,08,14,1,11206090000,000000,0000,0,14111206090000
0110812850,00001,08,72,2,50412000000,000000,0000,0,72250412000000
0110812850,00001,08,84,1,40511000000,000000,0000,0,84140511000000
0110812850,00001,08,71,2,20000000000,000000,0000,0,71220000000000
0110812850,00001,08,81,1,80112010000,000000,0000,0,81180112010000
0110812850,00001,08,14,1,81200000000,000000,0000,0,14181200000000
0117848035,00006,09,72,1,50613000000,000000,0000,0,72150613000000
0175075747,00006,08,14,1,81200000000,000000,0000,0,14181200000000
0175075747,00006,08,84,1,40511000000,000000,0000,0,84140511000000
0175075747,00004,08,14,1,81200000000,000000,0000,0,14181200000000
0175075747,00001,08,14,1,11202000000,000000,0000,0,14111202000000
0175075747,00006,08,81,1,80112010000,000000,0000,0,81180112010000
0175075747,00006,08,81,1,80112020000,000000,0000,0,81180112020000
0175075747,00004,08,84,2,41000000000,000000,0000,0,84241000000000
0175075747,00004,08,14,1,11206020000,000000,0000,0,14111206020000
0175075747,00001,08,84,2,40201020000,071400,0000,0,84240201020000
0175075747,00004,08,84,2,40201020000,029700,0000,0,84240201020000
0175075747,00006,08,71,1,20000000000,000000,0000,0,71120000000000
0175075747,00001,08,81,1,93712010000,000000,0000,0,81193712010000
0175075747,00001,08,14,1,81200000000,000000,0000,0,14181200000000
0175075747,00006,08,84,2,40201020000,000000,0000,0,84240201020000
0175075747,00006,08,84,1,41000000000,000000,0000,0,84141000000000
0175075747,00006,08,14,1,11206020000,000000,0000,0,14111206020000
0008457263,00480,10,81,2,30200000000,840500,0000,0,81230200000000
0008457263,00480,10,81,2,30200000000,748400,0000,0,81230200000000
0176590238,00001,10,14,1,50204000000,009100,0000,0,14150204000000
0176590238,00001,10,14,1,90201000000,000000,0000,0,14190201000000
0112245618,00301,10,14,2,50205010000,333000,0000,0,14250205010000
0109618063,00055,09,84,2,40900000000,168800,0000,0,84240900000000
0109618063,00001,09,14,1,41306020000,000000,0000,0,14141306020000
0109618063,00055,09,84,2,41000000000,000000,0000,0,84241000000000
0109618063,00001,09,84,2,40201020000,097200,0000,0,84240201020000
0109618063,00001,09,81,1,93713010000,000000,0000,0,81193713010000
0109618063,00001,09,84,2,40201020000,019500,0000,0,84240201020000
0153538727,00001,10,81,1,30200000000,226700,0000,0,81130200000000
0153538727,00001,10,14,1,90201000000,000000,0000,0,14190201000000
0153538727,00001,10,14,1,50204000000,152400,0000,0,14150204000000
0148718989,00004,09,14,1,91301000000,000000,0000,0,14191301000000
0148718989,00004,09,84,1,40209000000,000000,0000,0,84140209000000
0148718989,00004,09,14,1,51311000000,025000,0000,0,14151311000000
0148718989,00004,09,84,1,40208000000,000000,0000,0,84140208000000
0108619449,00382,09,14,1,51319060000,143600,0000,0,14151319060000
0108619449,00001,09,81,1,30200000000,046800,0000,0,81130200000000
0108619449,00004,09,81,1,30200000000,082300,0000,0,81130200000000
0103399211,00001,09,81,1,30200000000,113600,0000,0,81130200000000
0164313620,00123,09,84,1,41000000000,000000,0000,0,84141000000000
0164313620,00004,09,81,1,30200000000,039900,0000,0,81130200000000
0164313620,00123,09,84,1,40900000000,000000,0000,0,84140900000000
0164313620,00004,09,72,1,50313000000,000000,0000,0,72150313000000
0164313620,00123,09,81,1,30200000000,072800,0000,0,81130200000000
0098316892,00001,10,84,2,40900000000,000000,0000,0,84240900000000
0126738714,00001,09,72,1,50613000000,000000,0000,0,72150613000000
0126738714,00103,09,81,1,93713010000,000000,0000,0,81193713010000
0126738714,00001,09,81,1,80113010000,000000,0000,0,81180113010000
0126738714,00001,09,14,1,11302000000,000000,0000,0,14111302000000
0126738714,00001,09,81,1,93713010000,000000,0000,0,81193713010000
0126738714,00103,09,84,1,41000000000,000000,0000,0,84141000000000
0126738714,00001,09,14,1,11306020000,000000,0000,0,14111306020000
0126738714,00001,09,29,1,10201000000,000000,0000,0,29110201000000
0126738714,00001,09,14,1,81300000000,000000,0000,0,14181300000000
0126738714,00103,09,14,1,11306020000,000000,0000,0,14111306020000
0126738714,00001,09,84,1,40511000000,000000,0000,0,84140511000000
0126738714,00006,09,14,1,11306020000,000000,0000,0,14111306020000
0126738714,00006,09,81,1,93713010000,000000,0000,0,81193713010000
0126738714,00103,09,14,1,81300000000,000000,0000,0,14181300000000
0126738714,00006,09,14,1,81300000000,000000,0000,0,14181300000000
0126738714,00001,09,81,1,80113020000,000000,0000,0,81180113020000
0139563549,00001,09,81,1,80113010000,000000,0000,0,81180113010000
0139563549,00001,09,29,1,10201000000,000000,0000,0,29110201000000
0139563549,00001,09,72,1,50613000000,000000,0000,0,72150613000000
0139563549,00123,09,84,1,40900000000,000000,0000,0,84140900000000
0139563549,00123,09,81,1,93713010000,000000,0000,0,81193713010000
0139563549,00123,09,14,1,11306020000,000000,0000,0,14111306020000
0139563549,00001,09,81,1,93713010000,000000,0000,0,81193713010000
0139563549,00123,09,84,1,41000000000,000000,0000,0,84141000000000
0139563549,00001,09,81,1,80113020000,000000,0000,0,81180113020000
0139563549,00001,09,14,1,11306020000,000000,0000,0,14111306020000
0139563549,00001,09,14,1,11302000000,000000,0000,0,14111302000000
0139563549,00001,09,14,1,81300000000,000000,0000,0,14181300000000
0139563549,00001,09,84,1,40511000000,000000,0000,0,84140511000000
0139563549,00123,09,29,1,10201000000,000000,0000,0,29110201000000
0156166022,00001,09,14,1,11302000000,000500,0000,0,14111302000000
0156166022,00106,09,81,1,80113020000,000000,0000,0,81180113020000
0156166022,00001,09,14,1,81300000000,000000,0000,0,14181300000000
0156166022,00001,09,81,1,93713010000,000000,0000,0,81193713010000
0156166022,00106,09,14,1,81300000000,000000,0000,0,14181300000000
0156166022,00106,09,84,1,41000000000,000000,0000,0,84141000000000
0156166022,00001,09,14,1,81300000000,000500,0000,0,14181300000000
0156166022,00106,09,14,1,11306020000,000000,0000,0,14111306020000
0156166022,00106,09,84,1,40511000000,000000,0000,0,84140511000000
0156166022,00001,09,14,1,11306020000,000000,0000,0,14111306020000
0156166022,00001,09,14,1,11304000000,000000,0000,0,14111304000000
0156166022,00106,09,81,1,80113010000,000000,0000,0,81180113010000
0156166022,00001,09,84,1,41000000000,000000,0000,0,84141000000000
0095786774,00006,08,71,1,20000000000,000000,0000,0,71120000000000
0095786774,00006,08,14,1,11206020000,000000,0000,0,14111206020000
0095786774,00006,08,81,1,80112010000,000000,0000,0,81180112010000
0095786774,00006,08,84,1,40511000000,000000,0000,0,84140511000000
0095786774,00006,08,81,1,80112020000,000000,0000,0,81180112020000
0095786774,00006,08,84,2,40201020000,000000,0000,0,84240201020000
0095786774,00006,08,14,1,81200000000,000000,0000,0,14181200000000
0095786774,00006,08,84,1,41000000000,000000,0000,0,84141000000000
0095501265,00103,09,84,1,41000000000,000000,0000,0,84141000000000
0095501265,00101,09,14,1,11306020000,000000,0000,0,14111306020000
0095501265,00101,09,81,1,80113010000,000000,0000,0,81180113010000
0095501265,00101,09,14,1,81300000000,000000,0000,0,14181300000000
0095501265,00101,09,84,1,41000000000,000000,0000,0,84141000000000
0095501265,00103,09,14,1,11306020000,000000,0000,0,14111306020000
0095501265,00101,09,81,1,80113020000,000000,0000,0,81180113020000
0095501265,00101,09,29,1,10101000000,000000,0000,0,29110101000000
0095501265,00101,09,84,1,40511000000,000000,0000,0,84140511000000
0095501265,00103,09,14,1,81300000000,000000,0000,0,14181300000000
0095501265,00103,09,81,1,93713010000,000000,0000,0,81193713010000
0095501265,00101,09,81,1,93713010000,000000,0000,0,81193713010000
0087202771,00006,10,14,1,10202010000,000000,0000,0,14110202010000
0087202771,00006,10,81,1,93702010000,000000,0000,0,81193702010000
0087202771,00006,10,14,1,10202090000,000000,0000,0,14110202090000
0087202771,00006,10,14,1,80200000000,000000,0000,0,14180200000000
0087202771,00006,10,72,1,50602000000,000000,0000,0,72150602000000
0169852022,00103,99,84,2,40900000000,000000,0000,0,84240900000000
0113443464,00004,09,81,1,30200000000,021000,0000,0,81130200000000
0113443464,00001,09,84,2,40900000000,000000,0000,0,84240900000000
0167937888,00001,08,29,1,10201000000,000000,0000,0,29110201000000
0167937888,00001,08,14,1,11206020000,000000,0000,0,14111206020000
0167937888,00001,08,84,1,40511000000,000000,0000,0,84140511000000
0167937888,00103,10,14,1,80200000000,000000,0000,0,14180200000000
0167937888,00103,10,14,1,10206020000,000000,0000,0,14110206020000
0167937888,00103,10,84,1,41000000000,000000,0000,0,84141000000000
0167937888,00001,08,81,1,80112010000,000000,0000,0,81180112010000
0167937888,00001,08,81,1,80112020000,000000,0000,0,81180112020000
0152627289,00001,10,81,1,30200000000,212100,0000,0,81130200000000
0152627289,00001,10,14,1,90201000000,000000,0000,0,14190201000000
0152627289,00001,10,14,1,50204000000,121600,0000,0,14150204000000
0132449236,00001,10,72,1,50602000000,000000,0000,0,72150602000000
0110173733,00001,10,81,1,30200000000,283500,0000,0,81130200000000
0124540968,00002,09,14,1,11306020000,000000,0000,0,14111306020000
0124540968,00006,09,81,1,93713010000,000000,0000,0,81193713010000
0124540968,00006,09,14,1,11306020000,000000,0000,0,14111306020000
0124540968,00006,09,14,1,81300000000,000000,0000,0,14181300000000
0124540968,00006,09,72,1,50313000000,000000,0000,0,72150313000000
0124540968,00002,09,84,1,40511000000,000000,0000,0,84140511000000
0124540968,00002,09,81,1,80113010000,000000,0000,0,81180113010000
0124540968,00006,09,84,1,40511000000,000000,0000,0,84140511000000
0124540968,00002,09,14,1,81300000000,000000,0000,0,14181300000000
0124540968,00006,09,81,1,80113020000,000000,0000,0,81180113020000
0124540968,00006,09,84,1,41000000000,000000,0000,0,84141000000000
0124540968,00006,09,81,1,80113010000,000000,0000,0,81180113010000
0166939135,00001,08,84,1,40511000000,000000,0000,0,84140511000000
0166939135,00001,08,72,1,50612000000,000000,0000,0,72150612000000
0166939135,00001,08,84,2,40201020000,019500,0000,0,84240201020000
0166939135,00001,08,81,1,80112020000,000000,0000,0,81180112020000
